,prompt,word_count,token_count
0,What is the capital of Afghanistan?,6,7
1,What is the capital of Albania?,6,7
2,What is the capital of Algeria?,6,7
3,What is the capital of Andorra?,6,7
4,What is the capital of Angola?,6,7
5,What is the capital of Antigua and Barbuda?,8,9
6,What is the capital of Argentina?,6,7
7,What is the capital of Armenia?,6,7
8,What is the capital of Australia?,6,7
9,What is the capital of Austria?,6,7
10,What is the capital of Azerbaijan?,6,7
11,What is the capital of Bahamas?,6,7
12,What is the capital of Bahrain?,6,7
13,What is the capital of Bangladesh?,6,7
14,What is the capital of Barbados?,6,7
15,What is the capital of Belarus?,6,7
16,What is the capital of Belgium?,6,7
17,What is the capital of Belize?,6,7
18,What is the capital of Benin?,6,7
19,What is the capital of Bhutan?,6,7
20,What is the capital of Bolivia?,6,7
21,What is the capital of Bosnia and Herzegovina?,8,9
22,What is the capital of Botswana?,6,7
23,What is the capital of Brazil?,6,7
24,What is the capital of Brunei?,6,7
25,What is the capital of Bulgaria?,6,7
26,What is the capital of Burkina Faso?,7,8
27,What is the capital of Burundi?,6,7
28,What is the capital of Cabo Verde?,7,8
29,What is the capital of Cambodia?,6,7
30,What is the capital of Cameroon?,6,7
31,What is the capital of Canada?,6,7
32,What is the capital of Central African Republic?,8,9
33,What is the capital of Chad?,6,7
34,What is the capital of Chile?,6,7
35,What is the capital of China?,6,7
36,What is the capital of Colombia?,6,7
37,What is the capital of Comoros?,6,8
38,What is the capital of Congo (Republic of the)?,9,11
39,What is the capital of Congo (Democratic Republic of the)?,10,13
40,What is the capital of Costa Rica?,7,8
41,What is the capital of Côte d'Ivoire?,8,8
42,What is the capital of Croatia?,6,7
43,What is the capital of Cuba?,6,7
44,What is the capital of Cyprus?,6,7
45,What is the capital of Czechia?,6,8
46,What is the capital of Denmark?,6,7
47,What is the capital of Djibouti?,6,7
48,What is the capital of Dominica?,6,7
49,What is the capital of Dominican Republic?,7,8
50,What is the capital of Ecuador?,6,7
51,What is the capital of Egypt?,6,7
52,What is the capital of El Salvador?,7,8
53,What is the capital of Equatorial Guinea?,7,8
54,What is the capital of Eritrea?,6,7
55,What is the capital of Estonia?,6,7
56,What is the capital of Eswatini?,6,9
57,What is the capital of Ethiopia?,6,7
58,What is the capital of Fiji?,6,7
59,What is the capital of Finland?,6,7
60,What is the capital of France?,6,7
61,What is the capital of Gabon?,6,7
62,What is the capital of Gambia?,6,7
63,What is the capital of Georgia?,6,7
64,What is the capital of Germany?,6,7
65,What is the capital of Ghana?,6,7
66,What is the capital of Greece?,6,7
67,What is the capital of Grenada?,6,7
68,What is the capital of Guatemala?,6,7
69,What is the capital of Guinea?,6,7
70,What is the capital of Guinea-Bissau?,7,7
71,What is the capital of Guyana?,6,7
72,What is the capital of Haiti?,6,7
73,What is the capital of Honduras?,6,7
74,What is the capital of Hungary?,6,7
75,What is the capital of Iceland?,6,7
76,What is the capital of India?,6,7
77,What is the capital of Indonesia?,6,7
78,What is the capital of Iran?,6,7
79,What is the capital of Iraq?,6,7
80,What is the capital of Ireland?,6,7
81,What is the capital of Israel?,6,7
82,What is the capital of Italy?,6,7
83,What is the capital of Jamaica?,6,7
84,What is the capital of Japan?,6,7
85,What is the capital of Jordan?,6,7
86,What is the capital of Kazakhstan?,6,7
87,What is the capital of Kenya?,6,7
88,What is the capital of Kiribati?,6,7
89,What is the capital of Kuwait?,6,7
90,What is the capital of Kyrgyzstan?,6,7
91,What is the capital of Laos?,6,7
92,What is the capital of Latvia?,6,7
93,What is the capital of Lebanon?,6,7
94,What is the capital of Lesotho?,6,7
95,What is the capital of Liberia?,6,7
96,What is the capital of Libya?,6,7
97,What is the capital of Liechtenstein?,6,7
98,What is the capital of Lithuania?,6,7
99,What is the capital of Luxembourg?,6,7
100,What is the capital of Madagascar?,6,7
101,What is the capital of Malawi?,6,7
102,What is the capital of Malaysia?,6,7
103,What is the capital of Maldives?,6,7
104,What is the capital of Mali?,6,7
105,What is the capital of Malta?,6,7
106,What is the capital of Marshall Islands?,7,8
107,What is the capital of Mauritania?,6,7
108,What is the capital of Mauritius?,6,7
109,What is the capital of Mexico?,6,7
110,What is the capital of Micronesia?,6,9
111,What is the capital of Moldova?,6,7
112,What is the capital of Mongolia?,6,7
113,What is the capital of Montenegro?,6,7
114,What is the capital of Morocco?,6,7
115,What is the capital of Mozambique?,6,7
116,What is the capital of Myanmar?,6,7
117,What is the capital of Namibia?,6,7
118,What is the capital of Nauru?,6,7
119,What is the capital of Nepal?,6,7
120,What is the capital of Netherlands?,6,7
121,What is the capital of New Zealand?,7,8
122,What is the capital of Nicaragua?,6,7
123,What is the capital of Niger?,6,7
124,What is the capital of Nigeria?,6,7
125,What is the capital of North Korea?,7,8
126,What is the capital of North Macedonia?,7,8
127,What is the capital of Norway?,6,7
128,What is the capital of Oman?,6,7
129,What is the capital of Pakistan?,6,7
130,What is the capital of Palau?,6,7
131,What is the capital of Panama?,6,7
132,What is the capital of Papua New Guinea?,8,9
133,What is the capital of Paraguay?,6,7
134,What is the capital of Peru?,6,7
135,What is the capital of Philippines?,6,7
136,What is the capital of Poland?,6,7
137,What is the capital of Portugal?,6,7
138,What is the capital of Qatar?,6,7
139,What is the capital of Romania?,6,7
140,What is the capital of Russia?,6,7
141,What is the capital of Rwanda?,6,7
142,What is the capital of Saint Kitts and Nevis?,9,10
143,What is the capital of Saint Lucia?,7,8
144,What is the capital of Saint Vincent and the Grenadines?,10,12
145,What is the capital of Samoa?,6,7
146,What is the capital of San Marino?,7,8
147,What is the capital of São Tomé and Príncipe?,9,10
148,What is the capital of Saudi Arabia?,7,8
149,What is the capital of Senegal?,6,7
150,What is the capital of Serbia?,6,7
151,What is the capital of Seychelles?,6,7
152,What is the capital of Sierra Leone?,7,8
153,What is the capital of Singapore?,6,7
154,What is the capital of Slovakia?,6,7
155,What is the capital of Slovenia?,6,7
156,What is the capital of Solomon Islands?,7,8
157,What is the capital of Somalia?,6,7
158,What is the capital of South Africa?,7,8
159,What is the capital of South Korea?,7,8
160,What is the capital of South Sudan?,7,8
161,What is the capital of Spain?,6,7
162,What is the capital of Sri Lanka?,7,8
163,What is the capital of Sudan?,6,7
164,What is the capital of Suriname?,6,7
165,What is the capital of Sweden?,6,7
166,What is the capital of Switzerland?,6,7
167,What is the capital of Syria?,6,7
168,What is the capital of Tajikistan?,6,7
169,What is the capital of Tanzania?,6,7
170,What is the capital of Thailand?,6,7
171,What is the capital of Timor-Leste?,7,7
172,What is the capital of Togo?,6,7
173,What is the capital of Tonga?,6,7
174,What is the capital of Trinidad and Tobago?,8,9
175,What is the capital of Tunisia?,6,7
176,What is the capital of Türkiye?,6,10
177,What is the capital of Turkmenistan?,6,7
178,What is the capital of Tuvalu?,6,7
179,What is the capital of Uganda?,6,7
180,What is the capital of Ukraine?,6,7
181,What is the capital of United Arab Emirates?,8,9
182,What is the capital of United Kingdom?,7,8
183,What is the capital of United States?,7,8
184,What is the capital of Uruguay?,6,7
185,What is the capital of Uzbekistan?,6,7
186,What is the capital of Vanuatu?,6,7
187,What is the capital of Venezuela?,6,7
188,What is the capital of Vietnam?,6,7
189,What is the capital of Yemen?,6,7
190,What is the capital of Zambia?,6,7
191,What is the capital of Zimbabwe?,6,7
192,What is the capital of Holy See?,7,8
193,What is the capital of State of Palestine?,8,9
194,What is the year of independence of Afghanistan?,8,9
195,What is the year of independence of Albania?,8,9
196,What is the year of independence of Algeria?,8,9
197,What is the year of independence of Andorra?,8,9
198,What is the year of independence of Angola?,8,9
199,What is the year of independence of Antigua and Barbuda?,10,11
200,What is the year of independence of Argentina?,8,9
201,What is the year of independence of Armenia?,8,9
202,What is the year of independence of Australia?,8,9
203,What is the year of independence of Austria?,8,9
204,What is the year of independence of Azerbaijan?,8,9
205,What is the year of independence of Bahamas?,8,9
206,What is the year of independence of Bahrain?,8,9
207,What is the year of independence of Bangladesh?,8,9
208,What is the year of independence of Barbados?,8,9
209,What is the year of independence of Belarus?,8,9
210,What is the year of independence of Belgium?,8,9
211,What is the year of independence of Belize?,8,9
212,What is the year of independence of Benin?,8,9
213,What is the year of independence of Bhutan?,8,9
214,What is the year of independence of Bolivia?,8,9
215,What is the year of independence of Bosnia and Herzegovina?,10,11
216,What is the year of independence of Botswana?,8,9
217,What is the year of independence of Brazil?,8,9
218,What is the year of independence of Brunei?,8,9
219,What is the year of independence of Bulgaria?,8,9
220,What is the year of independence of Burkina Faso?,9,10
221,What is the year of independence of Burundi?,8,9
222,What is the year of independence of Cabo Verde?,9,10
223,What is the year of independence of Cambodia?,8,9
224,What is the year of independence of Cameroon?,8,9
225,What is the year of independence of Canada?,8,9
226,What is the year of independence of Central African Republic?,10,11
227,What is the year of independence of Chad?,8,9
228,What is the year of independence of Chile?,8,9
229,What is the year of independence of China?,8,9
230,What is the year of independence of Colombia?,8,9
231,What is the year of independence of Comoros?,8,10
232,What is the year of independence of Congo (Republic of the)?,11,13
233,What is the year of independence of Congo (Democratic Republic of the)?,12,15
234,What is the year of independence of Costa Rica?,9,10
235,What is the year of independence of Côte d'Ivoire?,10,10
236,What is the year of independence of Croatia?,8,9
237,What is the year of independence of Cuba?,8,9
238,What is the year of independence of Cyprus?,8,9
239,What is the year of independence of Czechia?,8,10
240,What is the year of independence of Denmark?,8,9
241,What is the year of independence of Djibouti?,8,9
242,What is the year of independence of Dominica?,8,9
243,What is the year of independence of Dominican Republic?,9,10
244,What is the year of independence of Ecuador?,8,9
245,What is the year of independence of Egypt?,8,9
246,What is the year of independence of El Salvador?,9,10
247,What is the year of independence of Equatorial Guinea?,9,10
248,What is the year of independence of Eritrea?,8,9
249,What is the year of independence of Estonia?,8,9
250,What is the year of independence of Eswatini?,8,11
251,What is the year of independence of Ethiopia?,8,9
252,What is the year of independence of Fiji?,8,9
253,What is the year of independence of Finland?,8,9
254,What is the year of independence of France?,8,9
255,What is the year of independence of Gabon?,8,9
256,What is the year of independence of Gambia?,8,9
257,What is the year of independence of Georgia?,8,9
258,What is the year of independence of Germany?,8,9
259,What is the year of independence of Ghana?,8,9
260,What is the year of independence of Greece?,8,9
261,What is the year of independence of Grenada?,8,9
262,What is the year of independence of Guatemala?,8,9
263,What is the year of independence of Guinea?,8,9
264,What is the year of independence of Guinea-Bissau?,9,9
265,What is the year of independence of Guyana?,8,9
266,What is the year of independence of Haiti?,8,9
267,What is the year of independence of Honduras?,8,9
268,What is the year of independence of Hungary?,8,9
269,What is the year of independence of Iceland?,8,9
270,What is the year of independence of India?,8,9
271,What is the year of independence of Indonesia?,8,9
272,What is the year of independence of Iran?,8,9
273,What is the year of independence of Iraq?,8,9
274,What is the year of independence of Ireland?,8,9
275,What is the year of independence of Israel?,8,9
276,What is the year of independence of Italy?,8,9
277,What is the year of independence of Jamaica?,8,9
278,What is the year of independence of Japan?,8,9
279,What is the year of independence of Jordan?,8,9
280,What is the year of independence of Kazakhstan?,8,9
281,What is the year of independence of Kenya?,8,9
282,What is the year of independence of Kiribati?,8,9
283,What is the year of independence of Kuwait?,8,9
284,What is the year of independence of Kyrgyzstan?,8,9
285,What is the year of independence of Laos?,8,9
286,What is the year of independence of Latvia?,8,9
287,What is the year of independence of Lebanon?,8,9
288,What is the year of independence of Lesotho?,8,9
289,What is the year of independence of Liberia?,8,9
290,What is the year of independence of Libya?,8,9
291,What is the year of independence of Liechtenstein?,8,9
292,What is the year of independence of Lithuania?,8,9
293,What is the year of independence of Luxembourg?,8,9
294,What is the year of independence of Madagascar?,8,9
295,What is the year of independence of Malawi?,8,9
296,What is the year of independence of Malaysia?,8,9
297,What is the year of independence of Maldives?,8,9
298,What is the year of independence of Mali?,8,9
299,What is the year of independence of Malta?,8,9
300,What is the year of independence of Marshall Islands?,9,10
301,What is the year of independence of Mauritania?,8,9
302,What is the year of independence of Mauritius?,8,9
303,What is the year of independence of Mexico?,8,9
304,What is the year of independence of Micronesia?,8,11
305,What is the year of independence of Moldova?,8,9
306,What is the year of independence of Mongolia?,8,9
307,What is the year of independence of Montenegro?,8,9
308,What is the year of independence of Morocco?,8,9
309,What is the year of independence of Mozambique?,8,9
310,What is the year of independence of Myanmar?,8,9
311,What is the year of independence of Namibia?,8,9
312,What is the year of independence of Nauru?,8,9
313,What is the year of independence of Nepal?,8,9
314,What is the year of independence of Netherlands?,8,9
315,What is the year of independence of New Zealand?,9,10
316,What is the year of independence of Nicaragua?,8,9
317,What is the year of independence of Niger?,8,9
318,What is the year of independence of Nigeria?,8,9
319,What is the year of independence of North Korea?,9,10
320,What is the year of independence of North Macedonia?,9,10
321,What is the year of independence of Norway?,8,9
322,What is the year of independence of Oman?,8,9
323,What is the year of independence of Pakistan?,8,9
324,What is the year of independence of Palau?,8,9
325,What is the year of independence of Panama?,8,9
326,What is the year of independence of Papua New Guinea?,10,11
327,What is the year of independence of Paraguay?,8,9
328,What is the year of independence of Peru?,8,9
329,What is the year of independence of Philippines?,8,9
330,What is the year of independence of Poland?,8,9
331,What is the year of independence of Portugal?,8,9
332,What is the year of independence of Qatar?,8,9
333,What is the year of independence of Romania?,8,9
334,What is the year of independence of Russia?,8,9
335,What is the year of independence of Rwanda?,8,9
336,What is the year of independence of Saint Kitts and Nevis?,11,12
337,What is the year of independence of Saint Lucia?,9,10
338,What is the year of independence of Saint Vincent and the Grenadines?,12,14
339,What is the year of independence of Samoa?,8,9
340,What is the year of independence of San Marino?,9,10
341,What is the year of independence of São Tomé and Príncipe?,11,12
342,What is the year of independence of Saudi Arabia?,9,10
343,What is the year of independence of Senegal?,8,9
344,What is the year of independence of Serbia?,8,9
345,What is the year of independence of Seychelles?,8,9
346,What is the year of independence of Sierra Leone?,9,10
347,What is the year of independence of Singapore?,8,9
348,What is the year of independence of Slovakia?,8,9
349,What is the year of independence of Slovenia?,8,9
350,What is the year of independence of Solomon Islands?,9,10
351,What is the year of independence of Somalia?,8,9
352,What is the year of independence of South Africa?,9,10
353,What is the year of independence of South Korea?,9,10
354,What is the year of independence of South Sudan?,9,10
355,What is the year of independence of Spain?,8,9
356,What is the year of independence of Sri Lanka?,9,10
357,What is the year of independence of Sudan?,8,9
358,What is the year of independence of Suriname?,8,9
359,What is the year of independence of Sweden?,8,9
360,What is the year of independence of Switzerland?,8,9
361,What is the year of independence of Syria?,8,9
362,What is the year of independence of Tajikistan?,8,9
363,What is the year of independence of Tanzania?,8,9
364,What is the year of independence of Thailand?,8,9
365,What is the year of independence of Timor-Leste?,9,9
366,What is the year of independence of Togo?,8,9
367,What is the year of independence of Tonga?,8,9
368,What is the year of independence of Trinidad and Tobago?,10,11
369,What is the year of independence of Tunisia?,8,9
370,What is the year of independence of Türkiye?,8,12
371,What is the year of independence of Turkmenistan?,8,9
372,What is the year of independence of Tuvalu?,8,9
373,What is the year of independence of Uganda?,8,9
374,What is the year of independence of Ukraine?,8,9
375,What is the year of independence of United Arab Emirates?,10,11
376,What is the year of independence of United Kingdom?,9,10
377,What is the year of independence of United States?,9,10
378,What is the year of independence of Uruguay?,8,9
379,What is the year of independence of Uzbekistan?,8,9
380,What is the year of independence of Vanuatu?,8,9
381,What is the year of independence of Venezuela?,8,9
382,What is the year of independence of Vietnam?,8,9
383,What is the year of independence of Yemen?,8,9
384,What is the year of independence of Zambia?,8,9
385,What is the year of independence of Zimbabwe?,8,9
386,What is the year of independence of Holy See?,9,10
387,What is the year of independence of State of Palestine?,10,11
388,Outline causes applied intermediate engineering during practical renewable?,8,10
389,Summarize examples marketing weather science metrics?,6,9
390,Show guidelines qualitative without solutions global weather briefly?,8,9
391,Give nutrition challenges software sports examples beginner?,7,8
392,Show to metrics origin simply causes?,6,7
393,Identify ai now major transport intermediate medieval networks?,8,10
394,Describe advanced science effects beginner definition?,6,8
395,Discuss music ai marketing qualitative astronomy astronomy benefits rural?,9,11
396,Outline typical anthropology security common ideas?,6,9
397,Identify urban nutrition minor uses ethical technology digital?,8,10
398,Define with practical art major economics music weather?,8,9
399,Show common medicine outcomes geology management technology practical?,8,10
400,Compare business sociology ancient strategies main?,6,8
401,Provide everyday engineering clearly features computing transport environment?,8,10
402,Summarize about linguistics challenges steps contemporary marketing without?,8,12
403,Discuss economics geography in security best environment in?,8,11
404,Contrast from simply typical energy practical physics algebra?,8,10
405,Define linguistics core tools energy patterns everyday linguistics?,8,11
406,Discuss applied to definition renewable history?,6,8
407,Discuss main causes causes transport major contemporary in?,8,10
408,Outline with advanced intermediate chemistry tools typical software?,8,10
409,Outline law health about methods rural?,6,8
410,Discuss medicine networks renewable in in?,6,8
411,List overview beyond geography medicine sustainable common sports?,8,10
412,Give history practice causes overview main?,6,7
413,List art law geometry during advanced ethical agriculture?,8,9
414,Describe education benefits comparison overview strategies?,6,8
415,List engineering music design literature ethical theoretical philosophy typical guidelines?,10,11
416,Compare essential features patterns architecture patterns without rural?,8,9
417,Summarize drawbacks challenges strategies modern effects?,6,10
418,Show algebra intermediate advanced principles beginner?,6,7
419,Explain professional briefly qualitative core theoretical rural urban?,8,10
420,Contrast rural overview principles music global?,6,8
422,Explain typical main ideas ideas classical transport engineering?,8,10
423,Show medieval music chemistry ecology statistics rural effects?,8,10
424,Name music internet environment digital science?,6,7
425,List core trends beginner urban urban definition analysis?,8,9
426,Contrast now to quantitative without on comparison energy?,8,10
427,Name ideas during with calculus processes approaches best?,8,9
428,Outline main tools clearly minor solutions?,6,8
429,Give nutrition data practical rural technology?,6,7
430,Contrast history ancient weather ideas during about beginner?,8,10
431,Show business literature within impacts law with simply?,8,9
432,Identify literature now steps industrial climate?,6,8
433,Provide urban key trends on uses global industrial geography?,9,12
434,Discuss impacts astronomy benefits business physics?,6,8
435,Summarize analogue trends hardware tools on data beginner?,8,11
436,Define by energy steps by in?,6,7
437,Provide for statistics rural biology comparison art best?,8,10
439,Outline analogue principles within beginner physics today climate?,8,10
440,Contrast geology advanced tools renewable principles marketing applied?,8,11
441,Compare outcomes the art impacts qualitative?,6,7
442,Discuss management basic key literature advanced?,6,8
443,Provide factors advanced algebra without across weather drawbacks?,8,11
444,Contrast basic anthropology comparison design data geography engineering?,8,12
445,Outline across principles impacts steps health?,6,8
446,Define theoretical ai main through to principles biology marketing major?,10,11
447,Discuss comparison practical basic ancient transport ancient education common?,9,11
448,Contrast processes features beginner hardware steps?,6,8
449,Compare analysis overview ethics energy the internet quantitative?,8,9
450,Give ethics computing education within summary principles sustainable?,8,9
451,Outline uses beyond factors beyond literature?,6,8
452,List drawbacks risks during literature approaches basic technology?,8,10
453,Give education sustainable processes education during?,6,7
454,Show beyond technology ai analysis advanced?,6,7
455,Describe patterns digital professional management sports?,6,8
456,List features marketing about definition essential geometry local?,8,9
457,Describe overview science management calculus explanation?,6,8
458,Explain marketing analysis energy industrial security minor explanation?,8,10
459,List geometry biology concepts ethics environment management calculus?,8,9
460,List geography linguistics mathematics core linguistics?,6,10
461,Describe from management methods minor intermediate within classical?,8,10
462,Compare history briefly to education agriculture?,6,7
463,Show trends briefly simply education psychology steps ancient origin renewable marketing?,11,12
464,Provide steps briefly examples beginner modern factors industrial?,8,10
465,Discuss mathematics by beginner marketing common?,6,8
466,Give contemporary nutrition business design advanced music metrics methods global major?,11,12
467,Provide physics professional architecture computing risks basic algebra?,8,10
468,Name overview typical sustainable features basic?,6,7
469,Name internet practical security beyond psychology statistics environment?,8,9
470,Outline music sustainable nutrition essential architecture history approaches?,8,10
471,Name trends on economics psychology steps?,6,7
472,Compare overview factors contemporary now professional ai algebra?,8,9
473,Explain medicine challenges without philosophy calculus now?,7,9
474,Define education intermediate rural typical practical?,6,7
475,Explain transport comparison urban overview core?,6,8
476,Describe practical today data engineering management on?,7,9
477,Describe law advanced medieval security physics benefits everyday?,8,10
478,Define metrics challenges overview linguistics analysis?,6,8
479,Outline trends impacts security summary psychology essential contemporary?,8,10
480,Give agriculture contemporary literature urban astronomy renewable agriculture through?,9,10
481,Name music ai ideas analogue psychology causes causes computing?,9,10
482,Show by minor art main tools ethics?,7,8
483,List risks minor impacts briefly engineering?,6,7
484,Explain algebra qualitative features robotics overview climate techniques?,8,11
485,Name astronomy by benefits literature technology medicine geology?,8,10
486,Name definition engineering drawbacks drawbacks explanation industrial steps?,8,11
487,Give engineering weather agriculture to computing?,6,7
488,Show education internet health processes linguistics?,6,8
489,List intermediate techniques geography ethics engineering about computing?,8,10
490,Give practice contemporary digital with strategies qualitative techniques?,8,9
491,Contrast during economics tools sociology sports?,6,9
492,Identify medicine summary effects contemporary ideas hardware geometry features?,9,11
493,Contrast art on design weather patterns analysis ethical?,8,10
494,Compare linguistics advanced advanced applied now drawbacks mathematics?,8,11
495,Give statistics everyday ai data effects security literature?,8,9
496,Show hardware analogue quantitative philosophy ideas?,6,7
497,Describe networks today advanced through practical to features?,8,10
498,Outline briefly outcomes solutions medicine statistics causes?,7,9
499,Show sustainable analogue basic geography now mathematics uses education?,9,11
500,Discuss astronomy practical nutrition sustainable from across risks features ideas?,10,12
501,Name software sustainable to origin hardware practical transport?,8,9
502,Name minor applied practical from benefits?,6,7
503,Discuss renewable steps beyond rural outcomes?,6,8
504,Show best features everyday guidelines practice definition through?,8,9
505,Describe rural minor astronomy on security software data?,8,10
506,Contrast practical common rural now common?,6,8
507,Explain uses advanced common approaches steps ai intermediate?,8,10
508,Compare nutrition summary literature practical key algebra local about sociology principles?,11,13
509,Identify principles patterns nutrition processes patterns?,6,8
510,Identify science strategies during with about?,6,8
511,Contrast patterns global essential anthropology about?,6,9
512,Show analysis for ethics major solutions patterns energy?,8,9
513,Provide solutions about hardware benefits overview environment art?,8,10
514,Contrast history by art geometry psychology?,6,8
515,Outline comparison music briefly comparison common simply patterns ai today practice law?,12,14
516,Show beginner qualitative comparison outcomes marketing?,6,7
517,Identify briefly digital advanced geography algebra?,6,9
518,Contrast geology education explanation beginner processes?,6,9
519,Name ancient challenges geography history examples design explanation?,8,10
520,Outline risks examples origin sustainable about environment renewable?,8,10
521,Summarize briefly analogue definition art physics mathematics ethical?,8,11
522,Describe applied theoretical beginner economics law examples psychology?,8,10
523,Provide global basic guidelines briefly law key hardware?,8,10
524,List networks by astronomy nutrition methods?,6,7
525,Describe analogue practical psychology during linguistics?,6,9
526,List core approaches global algebra robotics science architecture?,8,10
527,Define key major for now networks?,6,7
528,Name networks examples practice patterns data effects clearly?,8,9
529,Explain architecture modern robotics methods management techniques best?,8,11
530,Name strategies health environment through global industrial security?,8,9
531,Provide now philosophy approaches philosophy effects uses renewable?,8,10
532,Define advanced urban features transport simply?,6,7
533,Discuss security medicine common music astronomy?,6,8
534,Explain management physics calculus without benefits factors beyond?,8,10
535,Contrast psychology in briefly modern contemporary art quantitative marketing?,9,11
536,Show qualitative history education education advanced effects methods?,8,9
537,Summarize sustainable outcomes geography design transport without the?,8,12
538,Contrast without rural design physics science within software?,8,10
539,Discuss industrial without chemistry sociology patterns industrial design?,8,11
540,Identify drawbacks techniques ethics sociology challenges without about?,8,12
541,Show networks features benefits economics ideas?,6,7
542,Define examples guidelines literature qualitative networks health networks?,8,9
543,Name ethical finance engineering sociology health weather science?,8,10
544,Name explanation without causes definition geometry?,6,7
545,Outline transport calculus summary calculus theoretical?,6,8
546,Outline environment through trends during causes?,6,8
547,List during solutions statistics ai medicine engineering software?,8,9
548,Show philosophy across essential ecology philosophy causes?,7,9
550,Define finance sociology qualitative advanced core?,6,8
551,Contrast ethical essential today applications guidelines computing qualitative?,8,10
552,Outline practice law beyond economics within history?,7,9
553,List core overview science uses summary?,6,7
554,Explain risks professional to everyday key robotics management?,8,11
555,Give psychology outcomes solutions overview robotics?,6,8
556,Define professional law causes examples calculus?,6,7
557,Explain astronomy finance environment quantitative guidelines practical analysis digital applications?,10,12
558,Identify without simply transport technology astronomy?,6,8
559,Show metrics urban architecture internet across health about ecology astronomy?,10,12
560,Provide analysis simply best chemistry anthropology?,6,9
561,Name on computing practical minor intermediate?,6,7
562,Contrast calculus finance technology psychology without?,6,8
563,Identify economics marketing local contemporary education?,6,8
564,Give everyday sports security applications metrics?,6,7
565,Contrast intermediate overview art overview business principles definition?,8,10
566,Identify geography by business engineering theoretical geology principles modern?,9,13
567,Outline from theoretical internet patterns energy rural?,7,9
568,Summarize basic marketing psychology design risks?,6,9
569,Show the weather robotics management features practical?,7,9
570,Summarize strategies metrics intermediate weather definition?,6,9
571,Define psychology from hardware hardware sports?,6,7
572,Explain for ethics intermediate practical during health?,7,9
573,Compare steps industrial transport management technology?,6,7
574,Provide features techniques physics music quantitative uses?,7,9
575,Contrast data uses geology classical briefly art on?,8,11
576,Describe literature uses software the drawbacks steps security?,8,11
577,Give anthropology energy guidelines environment statistics practical data?,8,10
578,Describe theoretical essential intermediate modern design explanation law?,8,10
579,Explain applied benefits outcomes intermediate ecology professional geometry?,8,11
580,Explain geography ecology causes software hardware?,6,10
581,Name art methods finance analogue now best?,7,8
582,Outline networks main sports impacts quantitative the?,7,9
583,Summarize sports by global typical psychology?,6,9
584,Describe professional ethical beyond advanced ecology data about principles?,9,12
585,Describe drawbacks computing tools clearly advanced principles ecology?,8,12
586,Name steps advanced across literature technology software processes?,8,9
587,Define practical beginner economics art ecology professional explanation from?,9,11
588,List uses sports anthropology security practical?,6,8
589,Define modern factors effects calculus classical anthropology education?,8,10
590,Explain analogue features to across from ancient ecology?,8,11
591,Compare internet security engineering techniques to?,6,7
592,Contrast solutions ethical examples best patterns ancient classical?,8,10
593,Describe theoretical beginner music hardware beginner technology comparison?,8,10
594,List finance common beyond steps uses uses typical?,8,9
595,Provide rural medicine urban major with techniques major within without?,10,12
596,Give metrics techniques climate summary outcomes ethics?,7,8
597,Outline qualitative marketing now physics simply?,6,8
598,Describe philosophy robotics best effects across computing geology?,8,12
599,Identify minor common industrial in overview main sustainable?,8,10
600,Show features anthropology ai impacts renewable music within?,8,10
601,Give art analogue patterns on key?,6,7
602,Identify now law risks sports guidelines risks?,7,9
603,Identify tools psychology engineering music basic core practical?,8,10
604,Give ai robotics factors analogue linguistics trends explanation robotics?,9,13
605,List psychology climate practical by global?,6,7
606,Describe practice outcomes classical rural everyday examples music?,8,10
607,Explain today engineering music management comparison engineering classical?,8,10
608,Summarize from about linguistics internet industrial?,6,10
609,Explain across networks astronomy business geology?,6,9
610,Give urban literature modern summary mathematics?,6,7
611,Give transport security features methods intermediate management with?,8,9
612,Describe methods features climate to sociology concepts causes beginner?,9,12
613,Explain concepts steps advanced major internet environment sports methods common contemporary?,11,13
614,Show by ancient ai art methods literature modern?,8,9
615,List renewable applied weather theoretical local about?,7,8
616,Provide design software origin methods mathematics overview law ecology across?,10,13
617,Define definition medicine environment impacts basic?,6,7
618,Summarize concepts clearly weather patterns by?,6,9
619,Outline common core practical renewable geography?,6,9
620,Contrast modern briefly main data geology chemistry examples?,8,11
621,Describe renewable finance rural uses professional guidelines?,7,9
622,Show technology features mathematics classical practical mathematics finance?,8,9
623,Contrast strategies astronomy computing digital steps through advanced?,8,10
624,Provide common nutrition benefits outcomes practice?,6,8
625,Give risks climate clearly history main?,6,7
626,Compare renewable ethical impacts renewable major?,6,7
627,Contrast risks weather benefits beyond economics?,6,8
628,Name rural core geometry common strategies music features?,8,9
629,Identify with with steps patterns business?,6,8
630,Contrast features effects technology theoretical computing challenges advanced?,8,10
631,Show astronomy environment renewable ecology overview outcomes from causes beginner drawbacks?,11,14
632,Summarize urban in business advanced science ancient hardware?,8,11
633,Describe nutrition law applied classical history summary by?,8,10
634,Describe architecture chemistry approaches physics marketing?,6,8
635,Provide patterns internet effects outcomes best quantitative advanced history?,9,11
636,Explain simply practical practice analysis with ecology law qualitative?,9,12
637,Define today core across main finance?,6,7
638,List impacts summary through rural beginner networks practice?,8,9
639,Compare qualitative art rural typical global geography clearly?,8,10
640,Name quantitative ethical classical ethics physics briefly through?,8,9
641,Outline marketing computing quantitative ancient briefly?,6,8
642,Summarize impacts with analysis ideas in?,6,9
643,Name common overview internet major features comparison concepts?,8,9
644,Contrast tools on guidelines main practice sports practice main?,9,11
645,Name design simply approaches essential art metrics transport?,8,9
646,Identify health urban summary theoretical management features challenges?,8,10
647,Contrast quantitative risks for software clearly?,6,8
648,Show now from statistics to economics?,6,7
649,Compare uses origin health principles metrics factors analysis processes?,9,10
650,Explain beyond linguistics overview today internet?,6,9
651,Define major steps rural to origin methods strategies?,8,9
652,Explain health law risks calculus software examples steps drawbacks?,9,12
653,Summarize security geography everyday science trends geology ancient risks ancient?,10,15
654,Contrast essential qualitative in steps techniques core in weather computing?,10,12
655,Identify biology nutrition ethics trends computing?,6,8
656,Provide psychology analogue education design music science qualitative geography?,9,12
657,Provide art agriculture data tools strategies ai geology?,8,11
658,Provide art marketing to beyond music?,6,8
659,Give statistics overview best major across risks on?,8,9
660,Compare law modern summary design analogue urban intermediate?,8,9
661,Give weather through intermediate science business?,6,7
662,Name business health main modern global?,6,7
663,Identify history for explanation astronomy examples?,6,8
664,Explain business analogue without law drawbacks?,6,9
665,Outline geography geometry ecology features key clearly factors?,8,12
666,Summarize practical everyday essential technology security?,6,9
667,List sustainable science examples linguistics architecture practice?,7,9
669,Provide software law by summary sociology data music?,8,11
670,Describe environment uses industrial rural solutions?,6,8
671,List tools climate beginner software data internet features?,8,9
672,Explain management practical examples mathematics essential architecture factors?,8,10
673,Outline causes biology internet approaches challenges quantitative practical?,8,10
674,Give with definition beyond calculus geometry major health?,8,9
675,Name industrial medicine architecture strategies physics?,6,7
676,Contrast without beyond medicine the ethics?,6,8
677,Define features ethics astronomy sustainable to engineering calculus?,8,9
678,Contrast intermediate industrial geography major sociology calculus analogue approaches the?,10,14
679,Describe classical impacts engineering briefly business classical nutrition?,8,10
680,Provide ecology computing practical architecture education?,6,9
681,Show concepts robotics simply across environment?,6,8
682,Define sociology trends briefly medicine to chemistry uses?,8,10
683,Show uses robotics theoretical climate chemistry?,6,8
684,Give features practical education overview to rural uses?,8,9
685,Identify applied on climate the urban?,6,8
686,Explain algebra factors everyday tools effects?,6,8
687,Discuss analysis management definition environment processes features patterns?,8,10
688,Discuss steps benefits by science astronomy?,6,8
689,Outline networks engineering outcomes now processes factors?,7,9
690,Show strategies within practice beyond finance key geology?,8,10
691,Provide applications analogue through concepts qualitative architecture statistics?,8,10
692,Give factors definition energy without marketing briefly engineering?,8,9
693,Compare linguistics business analogue essential economics urban methods?,8,10
694,Show advanced transport key algebra security?,6,7
695,Outline practical contemporary today without overview principles sports?,8,10
696,Outline computing for ethical with rural now biology?,8,10
697,Explain principles methods philosophy for drawbacks weather physics effects effects?,10,13
698,Name concepts professional briefly techniques local software solutions?,8,9
699,Summarize in summary industrial mathematics design?,6,9
700,Name uses major through practice calculus?,6,7
702,Explain management history ideas impacts physics?,6,8
703,Define processes science causes uses data?,6,7
704,Give in advanced health steps science metrics theoretical?,8,9
705,Identify ecology major everyday for astronomy risks causes?,8,11
706,Provide computing design approaches digital literature internet within?,8,10
707,List to practical statistics the ideas algebra transport?,8,9
708,Contrast practical simply management climate literature trends beginner?,8,10
709,Define strategies drawbacks patterns sociology on now chemistry?,8,11
710,Give rural principles causes robotics impacts?,6,8
711,Describe now without within with analogue risks security?,8,10
712,Provide ethics best rural rural impacts?,6,8
713,Define from finance anthropology art astronomy ethics design?,8,10
714,Provide weather sociology ethical medicine without education approaches?,8,11
715,Outline origin intermediate energy practice health chemistry industrial?,8,10
716,Discuss algebra processes key from major?,6,8
717,Name climate linguistics geography summary causes?,6,9
718,Summarize metrics security factors on analogue mathematics?,7,10
719,Identify nutrition finance applied astronomy now?,6,8
720,Provide biology robotics applications local analysis?,6,9
721,Define practice practice music local features biology within?,8,9
722,Explain basic industrial factors classical by patterns best?,8,10
723,Show processes across briefly nutrition physics?,6,7
724,Outline practical risks now history health processes internet?,8,10
725,Give industrial techniques applications finance impacts overview technology?,8,9
726,Contrast on best geography engineering strategies?,6,9
727,Provide marketing today clearly data approaches education environment?,8,10
729,Contrast today sociology briefly techniques ethics everyday techniques?,8,11
730,Compare literature outcomes typical examples overview?,6,7
731,Give medicine data art ideas music?,6,7
732,List practical trends outcomes climate technology design contemporary?,8,9
733,Give renewable weather on chemistry music computing internet?,8,9
734,Name explanation practical geology best transport?,6,8
735,Provide economics guidelines patterns philosophy physics?,6,8
736,Discuss advanced methods applications agriculture principles?,6,8
737,List mathematics analogue to anthropology common across?,7,9
738,Identify beginner to applications on now?,6,8
739,Show the psychology hardware calculus applied art law?,8,9
741,Discuss core explanation features processes algebra climate sociology?,8,11
742,Outline advanced music biology across everyday?,6,8
743,Explain during examples theoretical minor climate?,6,8
744,Outline climate sociology statistics best minor today sociology?,8,12
745,Provide ecology theoretical minor beyond statistics processes?,7,10
746,Summarize features practice patterns technology chemistry patterns the?,8,11
747,Contrast core principles advanced about minor?,6,8
749,Outline features methods steps security typical?,6,8
750,Summarize best common geology nutrition applications?,6,10
751,Summarize intermediate essential ecology causes sports chemistry medieval ethical?,9,13
752,Define science climate theoretical sociology computing?,6,8
753,Describe methods simply astronomy features energy?,6,8
754,Show simply local major transport features ethical education?,8,9
755,Outline examples data clearly by finance the professional?,8,10
756,Explain key hardware the biology drawbacks main climate?,8,11
757,Compare history advanced briefly education biology explanation by?,8,9
758,Define analysis astronomy medicine contemporary quantitative?,6,7
759,Provide industrial chemistry climate risks quantitative?,6,8
760,Discuss medicine robotics anthropology causes science typical without?,8,12
761,Outline internet psychology contemporary solutions main?,6,8
762,Give processes nutrition briefly technology factors?,6,7
763,Name qualitative law analysis renewable advanced?,6,7
764,Identify qualitative solutions steps geometry chemistry calculus local?,8,10
766,Identify business sociology the today hardware theoretical statistics examples?,9,12
767,List nutrition intermediate transport features health?,6,7
768,Compare management sociology practical algebra factors metrics advanced?,8,10
769,List music about effects major advanced?,6,7
770,Name analogue economics briefly summary biology global advanced?,8,9
771,List marketing common networks uses basic?,6,7
772,Identify minor today practice beginner approaches?,6,8
773,Explain essential management simply clearly modern geometry?,7,9
774,Identify agriculture methods trends contemporary the?,6,8
775,Discuss guidelines practical health anthropology major outcomes with solutions benefits metrics?,11,14
776,Show techniques biology by causes medicine?,6,7
777,Show through by patterns beyond strategies?,6,7
778,Contrast algebra sociology major concepts with factors linguistics explanation?,9,13
779,Name to the techniques health strategies linguistics computing?,8,10
780,Describe steps uses typical ai robotics modern advanced risks methods major?,11,14
781,Show calculus management in solutions beginner?,6,7
782,Describe uses biology beginner agriculture geology?,6,9
783,Identify ai to hardware ancient essential?,6,8
785,Give applications processes during solutions challenges beyond modern?,8,9
786,Discuss origin rural causes steps from?,6,8
787,Provide with chemistry economics during beginner?,6,8
788,Explain theoretical clearly applications data music?,6,8
789,List business marketing data computing weather?,6,7
790,Describe nutrition education hardware through agriculture overview outcomes?,8,10
791,Summarize now calculus robotics technology minor?,6,10
792,Outline nutrition techniques mathematics philosophy sociology architecture economics?,8,11
793,Name today to simply ethical key methods environment?,8,9
794,Provide briefly processes concepts practical outcomes definition?,7,9
795,List common biology main geometry beginner geology by examples main beyond minor?,12,14
796,List agriculture finance ancient advanced music theoretical history?,8,9
797,Show about effects challenges explanation tools patterns?,7,8
798,Give software causes calculus quantitative classical ancient robotics?,8,10
799,Identify uses effects agriculture statistics sociology?,6,9
800,Describe examples guidelines history risks technology psychology major?,8,10
801,Explain the methods transport guidelines today weather agriculture?,8,10
802,Identify metrics guidelines uses guidelines mathematics methods?,7,9
803,Name tools security renewable briefly on beginner in?,8,9
804,Provide global internet applications management business?,6,8
805,Outline with security common concepts metrics history climate?,8,10
806,Explain on definition mathematics drawbacks best definition digital advanced?,9,12
807,Discuss algebra anthropology strategies classical the core economics geometry solutions?,10,13
808,Explain energy techniques weather medieval for?,6,8
809,Contrast linguistics anthropology biology within robotics beyond medieval?,8,13
810,Explain applied security environment agriculture advanced technology computing?,8,10
811,Show to approaches essential linguistics professional law?,7,9
812,Give theoretical minor guidelines definition concepts patterns statistics essential?,9,10
813,Describe main chemistry advanced intermediate environment major?,7,9
814,Discuss briefly finance major during with?,6,8
815,Describe steps clearly management patterns networks anthropology industrial sociology?,9,13
816,Describe robotics security common on uses now ancient?,8,11
817,Summarize ecology analysis for core applied metrics anthropology?,8,13
818,Name during analysis literature beyond to?,6,7
819,Define technology rural engineering practical geometry?,6,7
820,Summarize by through about management marketing?,6,9
821,Provide weather industrial steps modern by hardware rural?,8,10
822,List digital methods with for sports weather methods?,8,9
823,Summarize overview networks theoretical causes analysis weather business?,8,11
824,Define energy global ethical finance through?,6,7
825,Compare ai astronomy design hardware patterns biology ideas economics?,9,10
826,Explain typical beginner in challenges in?,6,8
827,Compare from statistics in linguistics ancient internet literature?,8,10
828,Define computing approaches practical impacts professional with design beginner?,9,10
829,Describe calculus contemporary beyond approaches beyond management trends?,8,10
830,Summarize from weather professional anthropology health causes ideas through?,9,13
831,List benefits trends psychology clearly health?,6,7
832,Describe anthropology algebra art networks art?,6,9
833,Identify local security main advanced energy patterns in?,8,10
835,Contrast environment rural steps principles architecture mathematics typical?,8,10
836,Summarize weather beyond digital with benefits networks security?,8,11
837,Describe trends summary basic computing causes local ecology?,8,11
838,Contrast for sports effects examples patterns law biology?,8,10
839,Outline contemporary effects design geology in?,6,9
840,Show from science health calculus business?,6,7
841,Outline processes strategies art tools ethical psychology?,7,9
842,Describe common history in modern beyond urban analysis?,8,10
843,Give impacts rural medicine industrial calculus across processes?,8,9
844,Define beginner management impacts environment agriculture strategies now?,8,9
845,Summarize outcomes medieval science during patterns across global outcomes quantitative?,10,13
846,Contrast quantitative classical trends drawbacks challenges sociology practice?,8,12
847,Outline factors theoretical astronomy trends finance summary?,7,9
848,Provide philosophy management best on health?,6,8
849,Name main typical algebra medicine definition art practical?,8,9
850,Contrast astronomy geography local history practical from typical?,8,11
851,Summarize urban trends to technology in?,6,9
852,Provide briefly law security simply practical?,6,8
853,Contrast beyond challenges advanced networks networks?,6,8
854,Describe engineering practical ecology features ideas major anthropology modern?,9,13
855,Identify strategies main ancient law sustainable local drawbacks?,8,11
856,Summarize architecture challenges business minor basic?,6,9
857,Compare principles sports ai metrics environment philosophy advanced?,8,9
858,Give digital through law trends within renewable astronomy sociology?,9,11
859,Describe qualitative energy beginner medicine local geology algebra?,8,11
860,Contrast data ancient metrics health intermediate industrial main health?,9,11
861,Identify today theoretical features best economics?,6,8
862,List data linguistics without security technology briefly core?,8,10
863,Show best algebra health design agriculture design applications?,8,9
864,Identify networks physics overview professional without environment during?,8,10
865,Contrast within chemistry in energy data management economics data?,9,11
866,Identify transport processes theoretical art education linguistics factors?,8,11
867,Describe factors during impacts best urban health processes?,8,10
868,Compare anthropology beginner minor clearly key to sustainable?,8,10
869,Discuss methods linguistics advanced advanced intermediate benefits geology?,8,12
870,Explain briefly main factors effects ethics?,6,8
871,Name analogue in benefits common for music practical?,8,9
872,Discuss core impacts weather music applied essential practical?,8,10
873,Name now processes sports literature essential typical physics?,8,9
874,Describe briefly typical engineering ethics digital definition advanced?,8,10
875,Name practical industrial effects from sustainable ethical engineering?,8,9
876,Discuss ecology during ai comparison practical management simply sociology?,9,13
877,Show benefits core science tools essential causes ethics essential?,9,10
878,Give ancient calculus about best economics steps definition?,8,9
879,Compare principles typical intermediate with renewable advanced core?,8,9
880,Define rural guidelines strategies features summary drawbacks techniques?,8,10
881,Show modern the sports ecology software?,6,8
882,Define practical trends ecology factors chemistry sustainable strategies?,8,10
883,Compare features briefly analysis tools sociology?,6,8
884,Name analysis engineering linguistics from through?,6,8
885,Identify renewable history now principles the strategies energy?,8,10
886,Explain biology modern applied ethical techniques challenges tools?,8,10
887,Show challenges rural business with environment geography concepts?,8,10
888,Identify professional principles key finance calculus nutrition practice?,8,10
889,Summarize chemistry on examples environment modern biology art?,8,11
890,List summary quantitative history overview sustainable origin ancient?,8,9
891,List definition solutions basic best local best industrial?,8,9
892,Provide features practical ethics agriculture geology principles the?,8,11
893,Define internet hardware ancient during basic security transport?,8,9
894,Name core overview approaches finance biology?,6,7
895,Give weather benefits typical to key?,6,7
896,Outline networks practical engineering modern everyday science biology contemporary?,9,11
897,Define internet drawbacks geometry geometry education geometry environment qualitative?,9,11
898,List quantitative typical philosophy to essential benefits health?,8,9
899,Define medicine professional major sustainable overview effects?,7,8
900,Define principles during chemistry architecture tools ancient education?,8,9
901,Show data analogue history professional quantitative algebra practical?,8,9
902,Show sports comparison basic tools now science rural?,8,9
903,Show statistics analogue everyday the tools drawbacks?,7,9
904,Show with management agriculture computing overview sociology education?,8,10
905,List briefly software quantitative across risks global uses calculus?,9,10
906,Show geometry physics music intermediate overview finance practice ethics rural?,10,11
907,Summarize geology comparison guidelines by applications?,6,10
908,Identify literature solutions history modern robotics?,6,9
909,Define examples agriculture without drawbacks from?,6,8
910,Summarize comparison steps major modern intermediate?,6,9
911,Define education local geography music outcomes without examples?,8,10
912,Discuss in essential applied to features practical metrics?,8,10
913,Name ai internet computing to environment climate software by?,9,10
914,Provide impacts transport science benefits qualitative?,6,8
915,Name law metrics algebra analysis management?,6,7
916,List chemistry intermediate weather practice tools marketing transport?,8,9
917,List anthropology steps today internet challenges finance?,7,9
918,Summarize security trends typical challenges data across now?,8,11
919,Explain core software through methods sociology?,6,9
920,Give in ecology during common history without now?,8,10
921,Give art trends for patterns internet?,6,7
922,Provide with analysis science origin internet through ethical?,8,10
923,Identify transport sustainable essential medicine chemistry?,6,8
924,Provide with rural technology trends linguistics security processes?,8,11
925,Give literature theoretical techniques rural digital?,6,7
926,Name urban principles security now digital philosophy ai?,8,9
927,Show design marketing industrial law key advanced rural?,8,9
928,Compare data statistics outcomes urban marketing applied about algebra?,9,10
929,Give marketing overview technology summary across?,6,7
930,Outline basic psychology calculus for ethics definition main?,8,10
931,Contrast beyond definition computing challenges management design engineering effects?,9,11
932,Discuss digital within summary explanation music steps calculus?,8,10
933,Summarize design to computing key without?,6,9
934,Contrast technology core concepts intermediate geometry main anthropology?,8,11
935,Compare effects geography algebra definition weather psychology trends?,8,10
936,Identify renewable science history uses the transport ethics?,8,10
937,Give today methods psychology finance geography common solutions on?,9,11
938,Name modern main advanced astronomy contemporary beyond methods analogue?,9,10
939,Outline causes history concepts anthropology networks?,6,9
940,Outline management physics renewable principles modern psychology technology?,8,10
941,Name concepts uses agriculture chemistry challenges?,6,7
942,List overview philosophy technology with ancient?,6,7
943,Explain analogue economics sports biology examples biology methods?,8,10
944,Describe classical basic sociology origin algebra local geology?,8,12
945,Name environment challenges practice solutions management medicine psychology?,8,9
946,Identify key beginner medicine within agriculture?,6,8
947,Show across practical from sociology marketing statistics processes?,8,10
948,Show environment approaches guidelines modern contemporary?,6,7
949,Name beginner networks advanced hardware professional weather health?,8,9
950,Contrast minor about sports common during agriculture key steps?,9,11
951,List software key art beyond local drawbacks geography?,8,11
952,Explain applications methods sustainable theoretical robotics?,6,9
953,Give theoretical education computing hardware for within?,7,8
954,Discuss through intermediate ancient basic impacts solutions guidelines transport?,9,11
955,Name across uses concepts best law?,6,7
956,Summarize sociology factors finance ancient basic?,6,10
957,Outline economics data nutrition art security examples comparison?,8,10
958,Outline digital outcomes industrial about strategies contemporary design?,8,10
959,List sports ethics practice summary impacts?,6,7
960,Provide processes professional software energy outcomes?,6,8
961,Give quantitative common definition typical medicine calculus?,7,8
962,Discuss ancient across the guidelines advanced by biology?,8,10
963,Show software techniques for beyond sociology?,6,8
964,Give energy ethics technology benefits today?,6,7
965,Summarize climate sustainable patterns agriculture education in?,7,10
966,Define renewable applied from education urban finance main patterns?,9,10
967,Name industrial outcomes factors essential theoretical?,6,7
968,Summarize principles philosophy theoretical local best sociology origin?,8,12
969,List finance geology advanced in modern sociology computing?,8,11
970,Compare sociology linguistics sports without origin best modern?,8,11
971,Summarize finance definition across basic computing in?,7,10
972,Identify quantitative science techniques robotics sociology sustainable briefly computing risks?,10,14
973,Describe science applications without intermediate astronomy practical simply energy?,9,11
974,Name health global strategies analogue challenges in linguistics?,8,10
975,List global software examples benefits qualitative?,6,7
976,Explain contemporary metrics environment business solutions?,6,8
977,Identify drawbacks patterns common finance geology advanced rural history?,9,13
978,List uses main sustainable clearly through trends?,7,8
979,Define computing sports contemporary algebra metrics with?,7,8
980,Outline processes architecture ethics principles energy?,6,8
981,Identify ancient economics during applied approaches risks energy?,8,10
982,Provide networks renewable psychology for definition?,6,8
983,Outline medicine in rural advanced tools?,6,8
984,Show mathematics steps business geology key ecology intermediate global?,9,12
985,Give ecology common techniques statistics beyond advanced ancient?,8,10
986,Define renewable geography with statistics classical transport features?,8,10
987,Provide minor computing analysis essential rural engineering hardware?,8,10
988,Show theoretical sustainable practical mathematics in chemistry?,7,8
989,Give definition practical robotics medicine local?,6,8
990,Name music environment climate on modern geometry agriculture?,8,9
991,Explain sports practice calculus best ancient?,6,8
992,Give in steps theoretical renewable definition?,6,7
993,Identify simply law architecture best ethics?,6,8
994,Compare geology drawbacks examples ethical factors?,6,9
995,Outline history engineering approaches ancient drawbacks intermediate analysis?,8,11
996,Provide nutrition simply solutions robotics outcomes beginner strategies?,8,11
997,Provide health ethics advanced psychology practical?,6,8
998,Explain local best explanation intermediate environment ideas psychology?,8,10
999,Compare sustainable patterns law definition data simply engineering?,8,9
